drug_ingredient,has_inn,buzz_count,source_regions,company,trend_tags,flags,articles_json,latest_date
oveporexton,True,1,US-FDA,,📈 新進觀察標的,臨床 三期,"[{""source"": ""US-FDA"", ""title"": ""FDA 核准新分子實體：Orzeyful"", ""summary"": ""To treat narcolepsy type 1"", ""url"": ""https://www.fda.gov/drugs/novel-drug-approvals-fda/novel-drug-approvals-2026"", ""date"": ""2026-08-05""}]",2026-08-05
Abatacept,True,1,EU-EMA,,📈 新進觀察標的,,"[{""source"": ""EU-EMA"", ""title"": ""EMA 審查中：Abatacept"", ""summary"": ""Treatment of rheumatoid, psoriatic arthritis and polyarticular juvenile idiopathic arthritis in patients 6 years of age and older"", ""url"": ""https://www.ema.europa.eu/en/documents/report/applications-new-human-medicines-under-evaluation-august-2026_en.xlsx"", ""date"": ""2026-08-04""}]",2026-08-04
Aceclidine,True,1,EU-EMA,,📈 新進觀察標的,,"[{""source"": ""EU-EMA"", ""title"": ""EMA 審查中：Aceclidine"", ""summary"": ""Treatment of presbyopia in adults"", ""url"": ""https://www.ema.europa.eu/en/documents/report/applications-new-human-medicines-under-evaluation-august-2026_en.xlsx"", ""date"": ""2026-08-04""}]",2026-08-04
Anselamimab,True,1,EU-EMA,,📈 新進觀察標的,孤兒藥,"[{""source"": ""EU-EMA"", ""title"": ""EMA 審查中：Anselamimab"", ""summary"": ""Treatment of adult patients with kappa light chain amyloidosis"", ""url"": ""https://www.ema.europa.eu/en/documents/report/applications-new-human-medicines-under-evaluation-august-2026_en.xlsx"", ""date"": ""2026-08-04""}]",2026-08-04
Apitegromab,True,1,EU-EMA,,📈 新進觀察標的,孤兒藥 / PRIME,"[{""source"": ""EU-EMA"", ""title"": ""EMA 審查中：Apitegromab"", ""summary"": ""Treatment of 5q spinal muscular atrophy (SMA)"", ""url"": ""https://www.ema.europa.eu/en/documents/report/applications-new-human-medicines-under-evaluation-august-2026_en.xlsx"", ""date"": ""2026-08-04""}]",2026-08-04
Apixaban,True,1,EU-EMA,,📈 新進觀察標的,,"[{""source"": ""EU-EMA"", ""title"": ""EMA 審查中：Apixaban"", ""summary"": ""Prevention of venous thromboembolic events (VTE), stroke and systemic embolism; treatment of deep vein thrombosis (DVT) and pulmonary embolism (PE) in adults. Treatment of VTE in children from 28 days to < 18 years of age."", ""url"": ""https://www.ema.europa.eu/en/documents/report/applications-new-human-medicines-under-evaluation-august-2026_en.xlsx"", ""date"": ""2026-08-04""}]",2026-08-04
Asundexian,True,1,EU-EMA,,📈 新進觀察標的,,"[{""source"": ""EU-EMA"", ""title"": ""EMA 審查中：Asundexian"", ""summary"": ""Prevention of ischaemic stroke in adults"", ""url"": ""https://www.ema.europa.eu/en/documents/report/applications-new-human-medicines-under-evaluation-august-2026_en.xlsx"", ""date"": ""2026-08-04""}]",2026-08-04
Atrasentan,True,1,EU-EMA,,📈 新進觀察標的,孤兒藥,"[{""source"": ""EU-EMA"", ""title"": ""EMA 審查中：Atrasentan"", ""summary"": ""Indicated for the treatment of adults with primary immunoglobulin A nephropathy"", ""url"": ""https://www.ema.europa.eu/en/documents/report/applications-new-human-medicines-under-evaluation-august-2026_en.xlsx"", ""date"": ""2026-08-04""}]",2026-08-04
Baxdrostat,True,1,EU-EMA,ASTRAZENECA AB,📈 新進觀察標的,臨床 三期,"[{""source"": ""EU-EMA"", ""title"": ""EMA 審查中：Baxdrostat"", ""summary"": ""Treatment of hypertension in adults"", ""url"": ""https://www.ema.europa.eu/en/documents/report/applications-new-human-medicines-under-evaluation-august-2026_en.xlsx"", ""date"": ""2026-08-04""}]",2026-08-04
Bepirovirsen,True,1,EU-EMA,,📈 新進觀察標的,,"[{""source"": ""EU-EMA"", ""title"": ""EMA 審查中：Bepirovirsen"", ""summary"": ""Treatment of chronic hepatitis B virus (HBV) infection in adults"", ""url"": ""https://www.ema.europa.eu/en/documents/report/applications-new-human-medicines-under-evaluation-august-2026_en.xlsx"", ""date"": ""2026-08-04""}]",2026-08-04
Bevacizumab,True,1,EU-EMA,PFIZER INC,📈 新進觀察標的,臨床 三期,"[{""source"": ""EU-EMA"", ""title"": ""EMA 審查中：Bevacizumab"", ""summary"": ""Treatment of adult patients with advanced or metastatic cancers"", ""url"": ""https://www.ema.europa.eu/en/documents/report/applications-new-human-medicines-under-evaluation-august-2026_en.xlsx"", ""date"": ""2026-08-04""}]",2026-08-04
Bilayer engineered skin composed of autologous keratinocytes and allogeneic fibroblasts embedded in an allogeneic plasma matrix,True,1,EU-EMA,,📈 新進觀察標的,孤兒藥,"[{""source"": ""EU-EMA"", ""title"": ""EMA 審查中：Bilayer engineered skin composed of autologous keratinocytes and allogeneic fibroblasts embedded in an allogeneic plasma matrix"", ""summary"": ""Treatment of adults and children with partial deep dermal and full-thickness burns."", ""url"": ""https://www.ema.europa.eu/en/documents/report/applications-new-human-medicines-under-evaluation-august-2026_en.xlsx"", ""date"": ""2026-08-04""}]",2026-08-04
Cefepime / Zidebactam,True,1,EU-EMA,,📈 新進觀察標的,,"[{""source"": ""EU-EMA"", ""title"": ""EMA 審查中：Cefepime / Zidebactam"", ""summary"": ""Treatment of a number of infections in adults"", ""url"": ""https://www.ema.europa.eu/en/documents/report/applications-new-human-medicines-under-evaluation-august-2026_en.xlsx"", ""date"": ""2026-08-04""}]",2026-08-04
Cemdisiran,True,1,EU-EMA,,📈 新進觀察標的,,"[{""source"": ""EU-EMA"", ""title"": ""EMA 審查中：Cemdisiran"", ""summary"": ""Treatment of generalised myasthenia gravis in adult patients"", ""url"": ""https://www.ema.europa.eu/en/documents/report/applications-new-human-medicines-under-evaluation-august-2026_en.xlsx"", ""date"": ""2026-08-04""}]",2026-08-04
Cladribine,True,1,EU-EMA,,📈 新進觀察標的,孤兒藥,"[{""source"": ""EU-EMA"", ""title"": ""EMA 審查中：Cladribine"", ""summary"": ""Treatment of acute myeloid leukaemia (AML) in adults"", ""url"": ""https://www.ema.europa.eu/en/documents/report/applications-new-human-medicines-under-evaluation-august-2026_en.xlsx"", ""date"": ""2026-08-04""}]",2026-08-04
Cosibelimab,True,1,EU-EMA,,📈 新進觀察標的,,"[{""source"": ""EU-EMA"", ""title"": ""EMA 審查中：Cosibelimab"", ""summary"": ""Treatment of adult patients with metastatic or locally advanced cutaneous squamous cell carcinoma"", ""url"": ""https://www.ema.europa.eu/en/documents/report/applications-new-human-medicines-under-evaluation-august-2026_en.xlsx"", ""date"": ""2026-08-04""}]",2026-08-04
Denecimig,True,1,EU-EMA,,📈 新進觀察標的,,"[{""source"": ""EU-EMA"", ""title"": ""EMA 審查中：Denecimig"", ""summary"": ""Prophylaxis of bleeding episodes in patients with haemophilia A"", ""url"": ""https://www.ema.europa.eu/en/documents/report/applications-new-human-medicines-under-evaluation-august-2026_en.xlsx"", ""date"": ""2026-08-04""}]",2026-08-04
Denosumab,True,1,EU-EMA,,📈 新進觀察標的,,"[{""source"": ""EU-EMA"", ""title"": ""EMA 審查中：Denosumab"", ""summary"": ""Treatment of adult patients with osteoporosis or bone loss"", ""url"": ""https://www.ema.europa.eu/en/documents/report/applications-new-human-medicines-under-evaluation-august-2026_en.xlsx"", ""date"": ""2026-08-04""}]",2026-08-04
Deucrictibant,True,1,EU-EMA,,📈 新進觀察標的,孤兒藥,"[{""source"": ""EU-EMA"", ""title"": ""EMA 審查中：Deucrictibant"", ""summary"": ""Treatment of acute attacks of hereditary angioedema (HAE) in adult and paediatric patients 12 years of age and older"", ""url"": ""https://www.ema.europa.eu/en/documents/report/applications-new-human-medicines-under-evaluation-august-2026_en.xlsx"", ""date"": ""2026-08-04""}]",2026-08-04
Deuruxolitinib,True,1,EU-EMA,,📈 新進觀察標的,,"[{""source"": ""EU-EMA"", ""title"": ""EMA 審查中：Deuruxolitinib"", ""summary"": ""Treatment of severe alopecia areata in adults"", ""url"": ""https://www.ema.europa.eu/en/documents/report/applications-new-human-medicines-under-evaluation-august-2026_en.xlsx"", ""date"": ""2026-08-04""}]",2026-08-04
Doravirine / Islatravir,True,1,EU-EMA,,📈 新進觀察標的,,"[{""source"": ""EU-EMA"", ""title"": ""EMA 審查中：Doravirine / Islatravir"", ""summary"": ""Treatment of HIV-1 infection in adults"", ""url"": ""https://www.ema.europa.eu/en/documents/report/applications-new-human-medicines-under-evaluation-august-2026_en.xlsx"", ""date"": ""2026-08-04""}]",2026-08-04
Emapalumab,True,1,EU-EMA,,📈 新進觀察標的,孤兒藥,"[{""source"": ""EU-EMA"", ""title"": ""EMA 審查中：Emapalumab"", ""summary"": ""Treatment of acute or recurrent secondary haemophagocytic lymphohistiocytosis (sHLH) in adult and paediatric patients (6 months and older)"", ""url"": ""https://www.ema.europa.eu/en/documents/report/applications-new-human-medicines-under-evaluation-august-2026_en.xlsx"", ""date"": ""2026-08-04""}]",2026-08-04
Enlicitide,True,1,EU-EMA,,📈 新進觀察標的,,"[{""source"": ""EU-EMA"", ""title"": ""EMA 審查中：Enlicitide"", ""summary"": ""Indicated in adults with primary hypercholesterolaemia or mixed dyslipidaemia"", ""url"": ""https://www.ema.europa.eu/en/documents/report/applications-new-human-medicines-under-evaluation-august-2026_en.xlsx"", ""date"": ""2026-08-04""}]",2026-08-04
Ensartinib,True,1,EU-EMA,,📈 新進觀察標的,,"[{""source"": ""EU-EMA"", ""title"": ""EMA 審查中：Ensartinib"", ""summary"": ""The treatment of adult patients with anaplastic lymphoma kinase (ALK)-positive advanced non-small cell lung cancer (NSCLC)."", ""url"": ""https://www.ema.europa.eu/en/documents/report/applications-new-human-medicines-under-evaluation-august-2026_en.xlsx"", ""date"": ""2026-08-04""}]",2026-08-04
Etripamil,True,1,EU-EMA,,📈 新進觀察標的,,"[{""source"": ""EU-EMA"", ""title"": ""EMA 審查中：Etripamil"", ""summary"": ""Indicated for the rapid conversion of paroxysmal supraventricular tachycardia (PSVT) episodes to sinus rhythm in adults."", ""url"": ""https://www.ema.europa.eu/en/documents/report/applications-new-human-medicines-under-evaluation-august-2026_en.xlsx"", ""date"": ""2026-08-04""}]",2026-08-04
Filgrastim,True,1,EU-EMA,,📈 新進觀察標的,,"[{""source"": ""EU-EMA"", ""title"": ""EMA 審查中：Filgrastim"", ""summary"": ""Treatment of neutropenia in adults and children"", ""url"": ""https://www.ema.europa.eu/en/documents/report/applications-new-human-medicines-under-evaluation-august-2026_en.xlsx"", ""date"": ""2026-08-04""}]",2026-08-04
Fondaparinux sodium,True,1,EU-EMA,,📈 新進觀察標的,,"[{""source"": ""EU-EMA"", ""title"": ""EMA 審查中：Fondaparinux sodium"", ""summary"": ""Prevention of venous thromboembolic events (VTE), treatment of deep vein thrombosis (DVT), treatment of pulmonary embolism, treatment of unstable angina and myocardial infarction in adults"", ""url"": ""https://www.ema.europa.eu/en/documents/report/applications-new-human-medicines-under-evaluation-august-2026_en.xlsx"", ""date"": ""2026-08-04""}]",2026-08-04
Gadoquatrane,True,1,EU-EMA,BAYER HEALTHCARE,📈 新進觀察標的,臨床 三期,"[{""source"": ""EU-EMA"", ""title"": ""EMA 審查中：Gadoquatrane"", ""summary"": ""For contrast enhancement in magnetic resonance imaging (MRI) used for adults and paediatric patients of all ages."", ""url"": ""https://www.ema.europa.eu/en/documents/report/applications-new-human-medicines-under-evaluation-august-2026_en.xlsx"", ""date"": ""2026-08-04""}]",2026-08-04
Garetosmab,True,1,EU-EMA,,📈 新進觀察標的,孤兒藥,"[{""source"": ""EU-EMA"", ""title"": ""EMA 審查中：Garetosmab"", ""summary"": ""Treatment of adult patients with fibrodysplasia ossificans progressiva (FOP)"", ""url"": ""https://www.ema.europa.eu/en/documents/report/applications-new-human-medicines-under-evaluation-august-2026_en.xlsx"", ""date"": ""2026-08-04""}]",2026-08-04
Gefurulimab,True,1,EU-EMA,,📈 新進觀察標的,,"[{""source"": ""EU-EMA"", ""title"": ""EMA 審查中：Gefurulimab"", ""summary"": ""Treatment of adult patients with generalised myasthemia gravis (gMG)"", ""url"": ""https://www.ema.europa.eu/en/documents/report/applications-new-human-medicines-under-evaluation-august-2026_en.xlsx"", ""date"": ""2026-08-04""}]",2026-08-04
Glepaglutide,True,1,EU-EMA,,📈 新進觀察標的,,"[{""source"": ""EU-EMA"", ""title"": ""EMA 審查中：Glepaglutide"", ""summary"": ""Treatment of adults with Short Bowel Syndrome"", ""url"": ""https://www.ema.europa.eu/en/documents/report/applications-new-human-medicines-under-evaluation-august-2026_en.xlsx"", ""date"": ""2026-08-04""}]",2026-08-04
Hexaminolevulinate,True,1,EU-EMA,,📈 新進觀察標的,,"[{""source"": ""EU-EMA"", ""title"": ""EMA 審查中：Hexaminolevulinate"", ""summary"": ""Treatment of adult patients with histologically confirmed cervical high-grade squamous intraepithelial lesions (HSIL)"", ""url"": ""https://www.ema.europa.eu/en/documents/report/applications-new-human-medicines-under-evaluation-august-2026_en.xlsx"", ""date"": ""2026-08-04""}]",2026-08-04
Human IgG1 monoclonal antibody against insulin like growth factor-1 receptor,True,1,EU-EMA,,📈 新進觀察標的,,"[{""source"": ""EU-EMA"", ""title"": ""EMA 審查中：Human IgG1 monoclonal antibody against insulin like growth factor-1 receptor"", ""summary"": ""Treatment of thyroid eye disease (TED) in adults"", ""url"": ""https://www.ema.europa.eu/en/documents/report/applications-new-human-medicines-under-evaluation-august-2026_en.xlsx"", ""date"": ""2026-08-04""}]",2026-08-04
Ianalumab,True,1,EU-EMA,,📈 新進觀察標的,,"[{""source"": ""EU-EMA"", ""title"": ""EMA 審查中：Ianalumab"", ""summary"": ""Treatment of Sjögren’s disease in adults"", ""url"": ""https://www.ema.europa.eu/en/documents/report/applications-new-human-medicines-under-evaluation-august-2026_en.xlsx"", ""date"": ""2026-08-04""}]",2026-08-04
Influenza mRNA vaccine,True,1,EU-EMA,,📈 新進觀察標的,,"[{""source"": ""EU-EMA"", ""title"": ""EMA 審查中：Influenza mRNA vaccine"", ""summary"": ""Immunisation for the prevention of influenza disease in adults"", ""url"": ""https://www.ema.europa.eu/en/documents/report/applications-new-human-medicines-under-evaluation-august-2026_en.xlsx"", ""date"": ""2026-08-04""}]",2026-08-04
Insulin aspart,True,1,EU-EMA,,📈 新進觀察標的,,"[{""source"": ""EU-EMA"", ""title"": ""EMA 審查中：Insulin aspart"", ""summary"": ""Treatment of diabetes mellitus from 1 year of age"", ""url"": ""https://www.ema.europa.eu/en/documents/report/applications-new-human-medicines-under-evaluation-august-2026_en.xlsx"", ""date"": ""2026-08-04""}]",2026-08-04
Japanese Encephalitis Chimeric Vaccine Substipharm,True,1,EU-EMA,,📈 新進觀察標的,,"[{""source"": ""EU-EMA"", ""title"": ""EMA 審查中：Japanese Encephalitis Chimeric Vaccine Substipharm"", ""summary"": ""Immunisation against Japanese encephalitis in adults, adolescents, children and infants aged 9 months and older"", ""url"": ""https://www.ema.europa.eu/en/documents/report/applications-new-human-medicines-under-evaluation-august-2026_en.xlsx"", ""date"": ""2026-08-04""}]",2026-08-04
Lemborexant,True,1,EU-EMA,,📈 新進觀察標的,,"[{""source"": ""EU-EMA"", ""title"": ""EMA 審查中：Lemborexant"", ""summary"": ""Treatment of adult patients with insomnia"", ""url"": ""https://www.ema.europa.eu/en/documents/report/applications-new-human-medicines-under-evaluation-august-2026_en.xlsx"", ""date"": ""2026-08-04""}]",2026-08-04
Lunsotogene parvec,True,1,EU-EMA,,📈 新進觀察標的,孤兒藥 / 加速審查,"[{""source"": ""EU-EMA"", ""title"": ""EMA 審查中：Lunsotogene parvec"", ""summary"": ""Treatment of biallelic OTOF variant-associated hearing loss in adults and children"", ""url"": ""https://www.ema.europa.eu/en/documents/report/applications-new-human-medicines-under-evaluation-august-2026_en.xlsx"", ""date"": ""2026-08-04""}]",2026-08-04
Mezigdomide,True,1,EU-EMA,,📈 新進觀察標的,,"[{""source"": ""EU-EMA"", ""title"": ""EMA 審查中：Mezigdomide"", ""summary"": ""Treatment of relapsed or refractory multiple myeloma in adults"", ""url"": ""https://www.ema.europa.eu/en/documents/report/applications-new-human-medicines-under-evaluation-august-2026_en.xlsx"", ""date"": ""2026-08-04""}]",2026-08-04
Molgramostim,True,1,EU-EMA,,📈 新進觀察標的,孤兒藥,"[{""source"": ""EU-EMA"", ""title"": ""EMA 審查中：Molgramostim"", ""summary"": ""Treatment of pulmonary alveolar proteinosis in adults"", ""url"": ""https://www.ema.europa.eu/en/documents/report/applications-new-human-medicines-under-evaluation-august-2026_en.xlsx"", ""date"": ""2026-08-04""}]",2026-08-04
Navepegritide,True,1,EU-EMA,,📈 新進觀察標的,孤兒藥,"[{""source"": ""EU-EMA"", ""title"": ""EMA 審查中：Navepegritide"", ""summary"": ""Treatment of achondroplasia in children"", ""url"": ""https://www.ema.europa.eu/en/documents/report/applications-new-human-medicines-under-evaluation-august-2026_en.xlsx"", ""date"": ""2026-08-04""}]",2026-08-04
Norucholic acid,True,1,EU-EMA,,📈 新進觀察標的,孤兒藥,"[{""source"": ""EU-EMA"", ""title"": ""EMA 審查中：Norucholic acid"", ""summary"": ""Treatment of primary sclerosing cholangitis (PSC) in adults."", ""url"": ""https://www.ema.europa.eu/en/documents/report/applications-new-human-medicines-under-evaluation-august-2026_en.xlsx"", ""date"": ""2026-08-04""}]",2026-08-04
Olanzapine,True,1,EU-EMA,,📈 新進觀察標的,,"[{""source"": ""EU-EMA"", ""title"": ""EMA 審查中：Olanzapine"", ""summary"": ""Treatment of schizophrenia in adults"", ""url"": ""https://www.ema.europa.eu/en/documents/report/applications-new-human-medicines-under-evaluation-august-2026_en.xlsx"", ""date"": ""2026-08-04""}]",2026-08-04
Omalizumab,True,1,EU-EMA,,📈 新進觀察標的,,"[{""source"": ""EU-EMA"", ""title"": ""EMA 審查中：Omalizumab"", ""summary"": ""Treatment of asthma, chronic rhinosinusitis with nasal polyps (CRSwNP) and chronic spontaneous urticaria (CSU)"", ""url"": ""https://www.ema.europa.eu/en/documents/report/applications-new-human-medicines-under-evaluation-august-2026_en.xlsx"", ""date"": ""2026-08-04""}]",2026-08-04
Orforglipron,True,1,EU-EMA,ELI LILLY AND CO,📈 新進觀察標的,臨床 四期,"[{""source"": ""EU-EMA"", ""title"": ""EMA 審查中：Orforglipron"", ""summary"": ""Treatment of obesity and type 2 diabetes mellitus in adults"", ""url"": ""https://www.ema.europa.eu/en/documents/report/applications-new-human-medicines-under-evaluation-august-2026_en.xlsx"", ""date"": ""2026-08-04""}]",2026-08-04
Pertuzumab,True,1,EU-EMA,,📈 新進觀察標的,,"[{""source"": ""EU-EMA"", ""title"": ""EMA 審查中：Pertuzumab"", ""summary"": ""Treatment of breast cancer in adults"", ""url"": ""https://www.ema.europa.eu/en/documents/report/applications-new-human-medicines-under-evaluation-august-2026_en.xlsx"", ""date"": ""2026-08-04""}]",2026-08-04
Pimicotinib,True,1,EU-EMA,,📈 新進觀察標的,孤兒藥 / PRIME,"[{""source"": ""EU-EMA"", ""title"": ""EMA 審查中：Pimicotinib"", ""summary"": ""Treatment of tenosynovial giant cell tumour in adults and adolescents from 12 years of age"", ""url"": ""https://www.ema.europa.eu/en/documents/report/applications-new-human-medicines-under-evaluation-august-2026_en.xlsx"", ""date"": ""2026-08-04""}]",2026-08-04
Ponatinib,True,1,EU-EMA,,📈 新進觀察標的,,"[{""source"": ""EU-EMA"", ""title"": ""EMA 審查中：Ponatinib"", ""summary"": ""Treatment of chronic myeloid leukaemia (CML) or Philadelphia chromosome positive acute lymphoblastic leukaemia (Ph+ ALL) in adults"", ""url"": ""https://www.ema.europa.eu/en/documents/report/applications-new-human-medicines-under-evaluation-august-2026_en.xlsx"", ""date"": ""2026-08-04""}]",2026-08-04
Povorcitinib,True,1,EU-EMA,,📈 新進觀察標的,,"[{""source"": ""EU-EMA"", ""title"": ""EMA 審查中：Povorcitinib"", ""summary"": ""Treatment of active moderate to severe hidradenitis suppurativa (acne inversa) in adults"", ""url"": ""https://www.ema.europa.eu/en/documents/report/applications-new-human-medicines-under-evaluation-august-2026_en.xlsx"", ""date"": ""2026-08-04""}]",2026-08-04
Rabies vaccine for human use prepared in cell cultures,True,1,EU-EMA,,📈 新進觀察標的,,"[{""source"": ""EU-EMA"", ""title"": ""EMA 審查中：Rabies vaccine for human use prepared in cell cultures"", ""summary"": ""Pre-exposure and post-exposure prophylaxis against rabies in all age groups"", ""url"": ""https://www.ema.europa.eu/en/documents/report/applications-new-human-medicines-under-evaluation-august-2026_en.xlsx"", ""date"": ""2026-08-04""}]",2026-08-04
Regadenoson,True,1,EU-EMA,,📈 新進觀察標的,,"[{""source"": ""EU-EMA"", ""title"": ""EMA 審查中：Regadenoson"", ""summary"": ""Pharmacological stress agent for myocardial perfusion imaging (MPI) and measurement of fractional flow reserve (FFR) in adults"", ""url"": ""https://www.ema.europa.eu/en/documents/report/applications-new-human-medicines-under-evaluation-august-2026_en.xlsx"", ""date"": ""2026-08-04""}]",2026-08-04
Relacorilant,True,1,EU-EMA,CORCEPT THERAP,📈 新進觀察標的,孤兒藥 / 臨床 三期,"[{""source"": ""EU-EMA"", ""title"": ""EMA 審查中：Relacorilant"", ""summary"": ""Treatment of adult patients with platinum-resistant epithelial ovarian, fallopian tube, or primary peritoneal cancer"", ""url"": ""https://www.ema.europa.eu/en/documents/report/applications-new-human-medicines-under-evaluation-august-2026_en.xlsx"", ""date"": ""2026-08-04""}]",2026-08-04
Rezvilutamide,True,1,EU-EMA,,📈 新進觀察標的,,"[{""source"": ""EU-EMA"", ""title"": ""EMA 審查中：Rezvilutamide"", ""summary"": ""Treatment of high-volume metastatic hormone-sensitive prostate cancer (mHSPC) in adults"", ""url"": ""https://www.ema.europa.eu/en/documents/report/applications-new-human-medicines-under-evaluation-august-2026_en.xlsx"", ""date"": ""2026-08-04""}]",2026-08-04
Ruxolitinib,True,1,EU-EMA,,📈 新進觀察標的,,"[{""source"": ""EU-EMA"", ""title"": ""EMA 審查中：Ruxolitinib"", ""summary"": ""Treatment of myelofibrosis (MF) in adults, treatment of polycythaemia vera (PV) in adults and treatment of Graft versus host disease (GvHD) in adults and children"", ""url"": ""https://www.ema.europa.eu/en/documents/report/applications-new-human-medicines-under-evaluation-august-2026_en.xlsx"", ""date"": ""2026-08-04""}]",2026-08-04
Semaglutide,True,1,EU-EMA,,📈 新進觀察標的,,"[{""source"": ""EU-EMA"", ""title"": ""EMA 審查中：Semaglutide"", ""summary"": ""Treatment of type 2 diabetes in adults"", ""url"": ""https://www.ema.europa.eu/en/documents/report/applications-new-human-medicines-under-evaluation-august-2026_en.xlsx"", ""date"": ""2026-08-04""}]",2026-08-04
Senaparib,True,1,EU-EMA,,📈 新進觀察標的,,"[{""source"": ""EU-EMA"", ""title"": ""EMA 審查中：Senaparib"", ""summary"": ""Maintenance treatment of advanced epithelial high-grade ovarian, fallopian tube or primary peritoneal cancer"", ""url"": ""https://www.ema.europa.eu/en/documents/report/applications-new-human-medicines-under-evaluation-august-2026_en.xlsx"", ""date"": ""2026-08-04""}]",2026-08-04
Sintilimab,True,1,EU-EMA,,📈 新進觀察標的,,"[{""source"": ""EU-EMA"", ""title"": ""EMA 審查中：Sintilimab"", ""summary"": ""Treatment of non-squamous non-small cell lung cancer in adults"", ""url"": ""https://www.ema.europa.eu/en/documents/report/applications-new-human-medicines-under-evaluation-august-2026_en.xlsx"", ""date"": ""2026-08-04""}]",2026-08-04
Sonrotoclax,True,1,EU-EMA,,📈 新進觀察標的,臨床 三期,"[{""source"": ""EU-EMA"", ""title"": ""EMA 審查中：Sonrotoclax"", ""summary"": ""Treatment of adult patients with relapsed or refractory mantle cell lymphoma (MCL)"", ""url"": ""https://www.ema.europa.eu/en/documents/report/applications-new-human-medicines-under-evaluation-august-2026_en.xlsx"", ""date"": ""2026-08-04""}]",2026-08-04
Taletrectinib,True,1,EU-EMA,,📈 新進觀察標的,,"[{""source"": ""EU-EMA"", ""title"": ""EMA 審查中：Taletrectinib"", ""summary"": ""Treatment of adults with ROS1 positive advanced non-small cell lung cancer"", ""url"": ""https://www.ema.europa.eu/en/documents/report/applications-new-human-medicines-under-evaluation-august-2026_en.xlsx"", ""date"": ""2026-08-04""}]",2026-08-04
Tanruprubart,True,1,EU-EMA,,📈 新進觀察標的,孤兒藥,"[{""source"": ""EU-EMA"", ""title"": ""EMA 審查中：Tanruprubart"", ""summary"": ""Treatment of Guillain-Barré syndrome in adults and children"", ""url"": ""https://www.ema.europa.eu/en/documents/report/applications-new-human-medicines-under-evaluation-august-2026_en.xlsx"", ""date"": ""2026-08-04""}]",2026-08-04
Temozolomide,True,1,EU-EMA,,📈 新進觀察標的,孤兒藥,"[{""source"": ""EU-EMA"", ""title"": ""EMA 審查中：Temozolomide"", ""summary"": ""Treatment of adults with glioblastoma multiforme and children with malignant glioma"", ""url"": ""https://www.ema.europa.eu/en/documents/report/applications-new-human-medicines-under-evaluation-august-2026_en.xlsx"", ""date"": ""2026-08-04""}]",2026-08-04
Tofacitinib,True,1,EU-EMA,,📈 新進觀察標的,,"[{""source"": ""EU-EMA"", ""title"": ""EMA 審查中：Tofacitinib"", ""summary"": ""Treatment of rheumatoid arthritis, psoriatic arthritis, ankylosing spondylitis, and ulcerative colitis in adults, and juvenile idiopathic arthritis (JIA) in children from 2 years old"", ""url"": ""https://www.ema.europa.eu/en/documents/report/applications-new-human-medicines-under-evaluation-august-2026_en.xlsx"", ""date"": ""2026-08-04""}]",2026-08-04
Tozorakimab,True,1,EU-EMA,,📈 新進觀察標的,,"[{""source"": ""EU-EMA"", ""title"": ""EMA 審查中：Tozorakimab"", ""summary"": ""Treatment for chronic obstructive pulmonary disease (COPD) in adult patients"", ""url"": ""https://www.ema.europa.eu/en/documents/report/applications-new-human-medicines-under-evaluation-august-2026_en.xlsx"", ""date"": ""2026-08-04""}]",2026-08-04
Vedolizumab,True,1,EU-EMA,,📈 新進觀察標的,,"[{""source"": ""EU-EMA"", ""title"": ""EMA 審查中：Vedolizumab"", ""summary"": ""Treatment of Ulcerative Colitis, Crohn’s Disease and pouchitis in adults"", ""url"": ""https://www.ema.europa.eu/en/documents/report/applications-new-human-medicines-under-evaluation-august-2026_en.xlsx"", ""date"": ""2026-08-04""}]",2026-08-04
Veligrotug,True,1,EU-EMA,VIRIDIAN THERAPEUTICS INC,📈 新進觀察標的,臨床 三期,"[{""source"": ""EU-EMA"", ""title"": ""EMA 審查中：Veligrotug"", ""summary"": ""Treatment of moderate to severe thyroid eye disease in adults"", ""url"": ""https://www.ema.europa.eu/en/documents/report/applications-new-human-medicines-under-evaluation-august-2026_en.xlsx"", ""date"": ""2026-08-04""}]",2026-08-04
Venglustat,True,1,EU-EMA,,📈 新進觀察標的,孤兒藥,"[{""source"": ""EU-EMA"", ""title"": ""EMA 審查中：Venglustat"", ""summary"": ""Treatment of Type 3 Gaucher disease (GD3) in adults and children"", ""url"": ""https://www.ema.europa.eu/en/documents/report/applications-new-human-medicines-under-evaluation-august-2026_en.xlsx"", ""date"": ""2026-08-04""}]",2026-08-04
Zamtocabtagene autoleucel,True,1,EU-EMA,,📈 新進觀察標的,孤兒藥 / PRIME,"[{""source"": ""EU-EMA"", ""title"": ""EMA 審查中：Zamtocabtagene autoleucel"", ""summary"": ""Treatment of adults with large B-cell lymphoma"", ""url"": ""https://www.ema.europa.eu/en/documents/report/applications-new-human-medicines-under-evaluation-august-2026_en.xlsx"", ""date"": ""2026-08-04""}]",2026-08-04
Zopapogene imadenovec,True,1,EU-EMA,,📈 新進觀察標的,孤兒藥,"[{""source"": ""EU-EMA"", ""title"": ""EMA 審查中：Zopapogene imadenovec"", ""summary"": ""Treatment of respiratory papillomatosis in adults"", ""url"": ""https://www.ema.europa.eu/en/documents/report/applications-new-human-medicines-under-evaluation-august-2026_en.xlsx"", ""date"": ""2026-08-04""}]",2026-08-04
